order_id,customer_id,order_date,country,total_amount,status,item_count
1,106,2024-03-13,US,93.92,paid,1
2,133,2024-03-28,FR,879.09,paid,3
3,197,2024-12-18,US,473.12,paid,4
4,8,2024-07-14,IT,889.0,refunded,2
5,122,2024-09-20,IL,354.14,paid,5
6,130,2024-01-19,IL,950.52,cancelled,8
7,81,2024-06-03,IT,312.37,paid,6
8,139,2024-03-18,IL,434.27,pending,5
9,157,2024-11-10,UK,1901.54,paid,5
10,63,2024-07-04,FR,2232.19,pending,5
11,58,2024-05-05,FR,1555.32,pending,8
12,158,2024-02-11,IT,1600.96,paid,5
13,156,2024-11-29,IL,1832.31,paid,4
14,186,2024-03-02,IT,2864.78,paid,7
15,152,2024-10-21,UK,3094.19,cancelled,8
16,79,2024-10-26,US,2896.84,paid,7
17,3,2024-05-30,US,2367.91,paid,6
18,199,2024-09-10,DE,2732.87,paid,6
19,72,2024-05-02,DE,72.68,paid,5
20,40,2024-09-15,ES,463.93,pending,1
21,145,2024-08-11,IL,624.77,pending,2
22,172,2024-05-03,DE,1374.16,cancelled,8
23,163,2024-04-26,DE,1225.96,paid,3
24,182,2024-07-31,IL,1132.61,paid,7
25,174,2024-07-27,UK,2291.44,paid,6
26,138,2024-02-20,ES,1341.27,paid,6
27,29,2024-11-25,IL,712.09,paid,3
28,81,2024-02-29,UK,3566.97,paid,8
29,69,2024-02-05,IL,371.99,paid,2
30,72,2024-08-26,UK,378.75,paid,4
31,144,2024-06-13,US,464.77,paid,1
32,152,2024-02-21,UK,1329.72,paid,3
33,142,2024-01-23,FR,1903.07,pending,7
34,67,2024-08-28,IT,332.83,paid,3
35,179,2024-04-20,US,266.26,paid,4
36,189,2024-01-03,UK,1470.24,paid,6
37,169,2024-05-17,UK,1130.15,paid,4
38,8,2024-03-03,UK,971.28,cancelled,3
39,194,2024-12-09,IT,838.18,paid,2
40,155,2024-01-19,DE,335.87,paid,1
41,161,2024-03-06,DE,863.19,paid,6
42,186,2024-05-27,UK,2200.68,refunded,6
43,97,2024-03-03,US,1148.86,paid,4
44,116,2024-05-11,IT,653.83,paid,4
45,61,2024-03-29,IT,145.99,paid,1
46,11,2024-11-23,IL,1657.71,pending,7
47,101,2024-06-15,ES,338.2,cancelled,2
48,190,2024-09-12,UK,1478.96,paid,4
49,159,2024-03-30,FR,2360.62,cancelled,6
50,16,2024-02-23,IL,968.57,pending,2
51,186,2024-07-16,US,1698.14,cancelled,7
52,65,2024-08-09,UK,163.49,paid,2
53,138,2024-02-07,IL,1355.99,cancelled,8
54,62,2024-05-09,FR,2017.3,paid,8
55,144,2024-10-21,US,1864.35,cancelled,5
56,137,2024-10-16,US,1945.22,paid,8
57,118,2024-03-28,ES,883.78,pending,3
58,2,2024-11-26,ES,3594.17,paid,8
59,128,2024-03-18,US,537.43,paid,2
60,34,2024-10-23,IT,120.44,cancelled,1
61,111,2024-07-05,DE,228.81,paid,1
62,18,2024-07-22,IL,1984.56,paid,6
63,66,2024-04-08,IT,301.29,pending,1
64,107,2024-03-03,DE,1095.59,paid,4
65,196,2024-11-26,IT,1699.3,cancelled,4
66,92,2024-09-19,DE,298.37,paid,2
67,40,2024-03-29,UK,1623.92,cancelled,6
68,5,2024-06-15,DE,101.9,paid,4
69,99,2024-07-28,IT,77.18,pending,2
70,180,2024-02-28,ES,823.99,paid,3
71,91,2024-10-27,DE,3922.45,paid,8
72,34,2024-09-07,IT,3195.03,paid,8
73,92,2024-08-11,DE,622.11,pending,8
74,13,2024-07-23,IL,1424.26,paid,6
75,91,2024-07-08,UK,225.18,paid,6
76,70,2024-10-18,UK,1037.32,paid,8
77,188,2024-01-09,US,1515.57,paid,7
78,77,2024-07-01,US,719.65,paid,6
79,72,2024-04-03,UK,126.57,cancelled,1
80,189,2024-12-02,ES,1388.08,paid,4
81,150,2024-02-16,IT,299.29,paid,1
82,27,2024-11-07,IT,1472.45,paid,5
83,135,2024-02-03,DE,1611.09,paid,4
84,125,2024-05-01,UK,2274.29,paid,7
85,54,2024-07-27,FR,2236.26,paid,6
86,9,2024-04-08,US,2583.01,paid,6
87,141,2024-04-17,IT,406.76,paid,1
88,170,2024-01-29,ES,84.65,cancelled,6
89,62,2024-02-08,IL,926.19,paid,6
90,21,2024-03-21,UK,2158.52,paid,6
91,67,2024-11-11,UK,41.56,paid,3
92,143,2024-04-12,IL,1721.67,paid,5
93,24,2024-09-28,UK,1592.28,paid,6
94,77,2024-02-22,IT,201.97,pending,1
95,99,2024-05-18,ES,1116.53,paid,7
96,89,2024-03-23,IT,1078.68,pending,6
97,197,2024-07-26,ES,1336.64,paid,3
98,146,2024-09-26,ES,462.88,pending,2
99,1,2024-01-14,ES,2692.89,paid,7
100,27,2024-10-18,UK,3693.32,paid,8
101,53,2024-11-30,FR,341.19,pending,3
102,182,2024-09-11,FR,2924.82,paid,7
103,31,2024-05-11,DE,128.54,paid,1
104,108,2024-02-22,IL,324.57,paid,7
105,153,2024-08-11,UK,2595.78,paid,8
106,111,2024-02-07,FR,1297.66,cancelled,3
107,187,2024-10-01,DE,2340.89,paid,6
108,4,2024-03-29,IL,1461.47,paid,3
109,107,2024-01-30,UK,2059.21,paid,6
110,77,2024-03-15,IL,1262.75,paid,3
111,33,2024-04-22,US,67.19,paid,1
112,83,2024-11-05,IT,305.81,paid,1
113,149,2024-04-11,IL,61.76,paid,2
114,102,2024-07-08,IL,1242.6,refunded,5
115,130,2024-12-23,DE,981.97,refunded,2
116,35,2024-01-10,FR,280.74,pending,8
117,53,2024-02-18,IL,985.34,paid,2
118,123,2024-05-08,DE,144.8,paid,4
119,111,2024-10-29,IT,1757.09,pending,4
120,134,2024-02-19,FR,3012.62,paid,8
121,20,2024-11-22,UK,594.21,paid,6
122,43,2024-02-28,UK,247.52,paid,4
123,36,2024-08-20,FR,1408.38,paid,4
124,198,2024-07-29,IT,1665.17,paid,5
125,82,2024-08-07,UK,602.67,paid,3
126,48,2024-11-25,DE,454.46,paid,3
127,39,2024-04-05,UK,1526.67,paid,5
128,99,2024-10-21,US,1338.61,paid,4
129,85,2024-03-16,FR,2422.31,paid,7
130,81,2024-03-21,ES,373.2,paid,4
131,196,2024-07-27,DE,1619.87,cancelled,5
132,141,2024-05-18,US,629.42,paid,2
133,96,2024-09-13,FR,995.17,paid,2
134,123,2024-06-07,ES,421.31,paid,2
135,82,2024-04-18,IT,800.16,paid,3
136,109,2024-08-23,US,1464.6,pending,6
137,47,2024-10-04,DE,1804.91,cancelled,5
138,19,2024-03-25,UK,237.26,paid,7
139,11,2024-10-30,FR,2214.86,paid,7
140,80,2024-07-25,FR,1859.41,paid,7
141,25,2024-10-19,IL,406.14,pending,5
142,114,2024-01-23,IT,784.49,paid,2
143,151,2024-07-21,DE,542.47,paid,7
144,133,2024-03-03,IL,1899.44,paid,6
145,79,2024-08-13,DE,1689.83,paid,5
146,116,2024-12-15,UK,325.57,paid,5
147,174,2024-07-26,DE,815.17,pending,2
148,178,2024-08-21,DE,305.96,paid,1
149,174,2024-10-14,IL,1961.76,pending,5
150,15,2024-08-11,UK,1162.3,paid,3
151,102,2024-09-17,UK,477.62,paid,1
152,95,2024-07-23,DE,977.91,cancelled,2
153,71,2024-06-17,IL,320.22,paid,1
154,148,2024-07-17,ES,1938.2,paid,7
155,130,2024-01-23,FR,264.17,pending,1
156,129,2024-01-08,DE,840.06,pending,4
157,76,2024-02-17,IT,271.51,paid,2
158,198,2024-09-10,UK,988.0,paid,7
159,163,2024-03-24,DE,819.92,paid,2
160,101,2024-07-30,IT,1879.29,refunded,6
161,58,2024-02-23,US,3192.3,paid,8
162,58,2024-04-20,UK,1366.14,pending,6
163,190,2024-04-25,IL,2059.23,paid,5
164,10,2024-06-20,UK,100.11,paid,7
165,28,2024-05-23,UK,708.64,paid,8
166,91,2024-06-30,DE,361.81,paid,5
167,23,2024-06-14,IL,332.59,paid,1
168,13,2024-01-27,IL,1150.82,pending,6
169,36,2024-06-09,IT,1275.55,refunded,3
170,117,2024-03-29,FR,2585.88,cancelled,7
171,84,2024-01-29,IT,298.57,paid,1
172,162,2024-09-08,IT,297.83,paid,7
173,68,2024-02-14,IL,1705.97,paid,7
174,61,2024-09-13,DE,1158.62,paid,4
175,21,2024-10-28,UK,1244.91,paid,4
176,126,2024-11-26,DE,1853.42,paid,8
177,153,2024-03-20,ES,2538.02,paid,8
178,121,2024-10-21,IT,2151.87,refunded,6
179,48,2024-02-28,IT,337.02,paid,2
180,7,2024-11-14,ES,133.46,paid,1
181,37,2024-10-18,US,1498.54,cancelled,4
182,60,2024-01-24,US,1402.83,paid,8
183,105,2024-08-16,DE,347.73,paid,1
184,174,2024-08-18,UK,423.42,paid,6
185,120,2024-02-27,IL,1536.38,paid,7
186,143,2024-02-11,UK,801.05,paid,3
187,25,2024-02-13,ES,376.39,paid,5
188,40,2024-04-09,DE,372.81,paid,1
189,38,2024-01-15,DE,3163.41,pending,7
190,198,2024-06-18,UK,388.96,cancelled,3
191,167,2024-07-26,DE,729.71,refunded,4
192,189,2024-04-04,FR,1592.2,paid,8
193,106,2024-10-23,IT,1406.59,pending,7
194,13,2024-04-18,DE,121.24,paid,6
195,122,2024-10-01,IL,397.41,pending,3
196,185,2024-12-26,IL,962.72,paid,6
197,198,2024-04-26,UK,2934.83,paid,8
198,141,2024-04-01,UK,752.41,cancelled,2
199,11,2024-01-16,IL,132.58,paid,2
200,29,2024-11-15,DE,2991.33,pending,8
201,128,2024-01-31,DE,2692.7,pending,7
202,134,2024-03-19,ES,416.79,pending,6
203,127,2024-12-20,ES,672.69,paid,5
204,138,2024-03-23,UK,574.02,cancelled,2
205,18,2024-05-17,ES,237.59,cancelled,1
206,29,2024-04-21,ES,243.43,pending,1
207,5,2024-07-07,IL,1391.14,refunded,6
208,106,2024-12-02,ES,437.93,cancelled,4
209,94,2024-10-16,IT,451.31,paid,8
210,119,2024-09-28,IT,707.07,paid,2
211,48,2024-11-05,DE,2876.03,paid,6
212,37,2024-05-16,ES,396.03,refunded,4
213,168,2024-06-29,UK,187.69,paid,4
214,49,2024-12-22,DE,277.87,paid,2
215,74,2024-08-15,FR,1527.76,cancelled,5
216,144,2024-11-26,ES,1743.07,pending,4
217,6,2024-12-29,US,3010.48,pending,8
218,88,2024-08-10,UK,1201.66,cancelled,6
219,90,2024-04-29,US,2296.28,paid,7
220,14,2024-07-30,DE,412.58,refunded,4
221,141,2024-10-30,FR,452.11,paid,1
222,129,2024-04-15,FR,1284.42,cancelled,5
223,193,2024-07-10,UK,99.05,pending,2
224,94,2024-06-30,UK,428.96,paid,7
225,36,2024-01-13,FR,237.87,paid,2
226,125,2024-08-21,IT,2119.54,paid,5
227,119,2024-04-18,IL,425.96,paid,1
228,18,2024-07-20,IL,1704.07,pending,7
229,64,2024-02-12,US,221.11,paid,1
230,103,2024-06-30,IL,716.84,paid,2
231,177,2024-01-18,UK,1408.94,refunded,3
232,2,2024-07-27,ES,710.13,paid,4
233,181,2024-06-26,IT,879.85,paid,5
234,154,2024-07-10,UK,2357.43,refunded,6
235,118,2024-09-30,IL,1986.54,paid,6
236,3,2024-11-12,ES,913.79,cancelled,6
237,168,2024-08-29,DE,2078.07,paid,7
238,64,2024-04-17,IL,253.51,paid,2
239,169,2024-11-22,FR,979.51,paid,3
240,40,2024-09-15,FR,507.52,cancelled,5
241,108,2024-11-10,DE,1118.25,paid,6
242,185,2024-04-23,DE,975.18,pending,2
243,200,2024-08-22,ES,251.97,cancelled,4
244,86,2024-06-18,IL,1134.63,paid,4
245,174,2024-01-04,DE,1444.32,paid,7
246,83,2024-06-25,DE,1743.61,paid,5
247,93,2024-03-28,ES,1460.18,paid,4
248,122,2024-02-13,US,373.05,paid,1
249,145,2024-05-11,ES,917.19,pending,6
250,7,2024-05-12,US,322.26,paid,5
251,167,2024-06-24,US,1415.74,cancelled,6
252,13,2024-10-21,UK,3420.64,paid,7
253,174,2024-10-17,IT,1736.23,pending,7
254,158,2024-12-10,ES,294.21,paid,4
255,117,2024-12-18,FR,194.23,pending,4
256,112,2024-07-10,DE,897.11,paid,5
257,139,2024-09-06,IL,2914.48,paid,7
258,93,2024-01-31,IT,494.05,cancelled,1
259,116,2024-01-09,DE,944.82,refunded,4
260,173,2024-02-19,US,1955.98,paid,8
261,107,2024-01-09,IL,2654.53,paid,6
262,155,2024-07-09,ES,217.99,paid,3
263,62,2024-08-05,FR,1106.01,paid,4
264,76,2024-03-27,IL,1345.4,paid,5
265,27,2024-12-25,IT,354.43,paid,4
266,179,2024-05-23,US,442.45,paid,8
267,13,2024-08-20,IL,158.21,paid,1
268,101,2024-06-01,DE,1085.68,paid,4
269,26,2024-01-10,IT,427.07,paid,4
270,199,2024-01-02,DE,258.4,pending,5
271,105,2024-12-26,IT,893.82,paid,2
272,114,2024-01-14,UK,428.21,paid,6
273,95,2024-10-10,IT,712.58,paid,8
274,99,2024-10-23,FR,1142.12,paid,6
275,74,2024-06-26,DE,1037.47,cancelled,6
276,144,2024-12-12,IT,414.35,paid,4
277,57,2024-05-18,US,2184.87,paid,8
278,76,2024-04-26,IT,2368.82,paid,5
279,46,2024-11-26,ES,2227.99,refunded,8
280,186,2024-06-14,FR,3264.45,pending,7
281,38,2024-11-02,ES,232.46,paid,3
282,64,2024-03-11,FR,938.61,paid,4
283,121,2024-03-09,UK,2107.45,refunded,6
284,56,2024-06-20,FR,486.04,pending,4
285,64,2024-11-22,DE,1051.99,paid,6
286,79,2024-08-03,UK,95.01,pending,1
287,93,2024-09-25,IL,1870.02,pending,6
288,93,2024-10-14,US,1942.74,paid,7
289,15,2024-12-22,ES,630.29,paid,2
290,70,2024-02-10,DE,2042.85,pending,7
291,81,2024-05-04,US,576.37,paid,7
292,110,2024-09-11,ES,1115.51,paid,5
293,141,2024-06-29,FR,84.34,paid,3
294,72,2024-04-19,IT,312.67,pending,3
295,116,2024-05-11,ES,635.67,pending,4
296,113,2024-11-11,UK,452.89,paid,1
297,76,2024-04-04,US,1024.84,paid,6
298,151,2024-05-24,ES,492.06,paid,3
299,154,2024-11-09,DE,1998.33,paid,5
300,194,2024-01-17,ES,607.99,paid,5
301,149,2024-03-22,IT,2105.7,cancelled,5
302,53,2024-06-15,IT,858.64,pending,2
303,107,2024-05-12,FR,339.73,cancelled,1
304,78,2024-03-05,DE,703.71,cancelled,2
305,70,2024-06-23,ES,457.83,cancelled,8
306,20,2024-09-15,UK,694.91,paid,3
307,44,2024-10-18,DE,156.31,paid,1
308,126,2024-05-16,DE,2741.14,paid,8
309,171,2024-11-27,IT,45.06,paid,1
310,124,2024-01-09,IL,1288.0,paid,6
311,122,2024-07-07,UK,1253.74,paid,5
312,195,2024-01-22,ES,813.51,paid,2
313,132,2024-04-01,US,827.22,paid,8
314,85,2024-01-22,ES,354.3,paid,4
315,90,2024-03-04,FR,987.86,pending,8
316,66,2024-07-31,US,165.05,pending,2
317,42,2024-04-18,DE,822.09,cancelled,2
318,160,2024-09-08,IL,168.96,cancelled,1
319,76,2024-06-06,IL,343.37,paid,3
320,61,2024-01-20,DE,2889.9,paid,7
321,150,2024-04-29,FR,936.17,paid,6
322,4,2024-10-30,UK,450.07,paid,4
323,65,2024-05-02,IL,802.2,paid,5
324,34,2024-12-26,IT,610.51,paid,2
325,21,2024-11-15,ES,145.01,paid,1
326,62,2024-04-02,DE,350.28,paid,4
327,172,2024-10-11,ES,3667.3,paid,8
328,32,2024-10-26,IL,2668.11,paid,6
329,137,2024-01-15,ES,896.22,paid,2
330,62,2024-06-01,FR,1698.66,paid,6
331,13,2024-07-26,DE,1565.89,paid,4
332,200,2024-05-15,IT,2552.38,pending,6
333,158,2024-09-16,IL,738.26,cancelled,6
334,161,2024-12-28,IT,1439.88,paid,4
335,189,2024-04-17,US,2395.28,paid,5
336,126,2024-03-26,UK,2085.47,paid,5
337,17,2024-12-03,IT,498.24,paid,2
338,170,2024-10-03,DE,809.62,paid,4
339,167,2024-11-14,UK,846.17,paid,2
340,15,2024-07-01,IL,426.77,paid,1
341,114,2024-05-10,IL,330.66,pending,1
342,49,2024-10-03,FR,771.44,paid,8
343,40,2024-02-09,IL,31.4,pending,1
344,88,2024-12-30,IL,1164.89,paid,3
345,37,2024-02-15,DE,2014.03,paid,8
346,49,2024-02-18,FR,335.53,paid,1
347,162,2024-06-30,FR,1949.56,pending,6
348,23,2024-08-27,ES,176.36,paid,1
349,167,2024-01-11,UK,2673.39,pending,6
350,25,2024-07-13,ES,495.05,paid,3
351,131,2024-05-29,DE,1429.87,paid,4
352,97,2024-03-21,IL,55.4,refunded,1
353,156,2024-06-01,FR,188.94,paid,1
354,140,2024-07-16,ES,1444.99,paid,5
355,14,2024-10-26,ES,1813.89,pending,8
356,33,2024-06-28,FR,1527.07,paid,6
357,184,2024-07-28,ES,909.26,paid,2
358,22,2024-02-02,FR,814.37,paid,2
359,173,2024-11-28,ES,3176.61,paid,8
360,138,2024-04-08,US,912.09,paid,2
361,114,2024-03-13,UK,1897.89,pending,8
362,186,2024-01-25,ES,1513.4,paid,8
363,159,2024-08-28,ES,1746.88,paid,8
364,166,2024-04-12,IL,81.64,paid,2
365,174,2024-04-25,ES,1924.2,paid,4
366,171,2024-03-07,DE,80.33,pending,5
367,147,2024-12-20,IL,390.39,paid,3
368,121,2024-05-06,DE,365.66,paid,1
369,118,2024-11-18,IT,1026.03,paid,8
370,65,2024-08-16,FR,1833.43,paid,4
371,58,2024-08-21,IT,604.21,paid,5
372,55,2024-02-23,DE,1381.4,refunded,5
373,101,2024-04-06,IL,1376.34,paid,8
374,133,2024-10-06,IT,222.62,paid,8
375,49,2024-07-31,US,3491.4,paid,7
376,65,2024-10-14,IL,63.08,paid,4
377,56,2024-02-26,FR,487.24,paid,3
378,196,2024-09-27,FR,263.41,paid,4
379,127,2024-08-29,UK,227.16,pending,2
380,199,2024-02-10,FR,2013.78,paid,7
381,179,2024-08-13,DE,1313.89,paid,7
382,46,2024-03-20,IL,1322.19,paid,4
383,13,2024-07-03,ES,702.67,paid,8
384,185,2024-01-19,ES,636.95,pending,2
385,69,2024-03-20,US,2080.21,paid,8
386,175,2024-07-28,IT,57.54,paid,1
387,157,2024-05-12,IL,128.67,cancelled,8
388,187,2024-01-03,IL,290.41,pending,4
389,128,2024-01-26,UK,270.2,paid,6
390,89,2024-07-23,IT,1435.54,paid,5
391,174,2024-12-23,ES,111.65,pending,2
392,132,2024-03-08,ES,400.51,paid,1
393,186,2024-01-05,IL,1530.05,paid,5
394,114,2024-02-10,FR,836.96,pending,8
395,31,2024-01-23,ES,3331.97,pending,8
396,130,2024-09-23,US,461.85,paid,8
397,56,2024-10-22,IL,452.99,paid,7
398,25,2024-02-12,IL,3628.07,paid,8
399,6,2024-03-11,IT,407.1,paid,1
400,47,2024-02-21,DE,652.3,refunded,6
401,129,2024-12-19,UK,1252.8,paid,4
402,117,2024-03-09,ES,1024.41,pending,3
403,189,2024-02-03,UK,372.47,paid,1
404,81,2024-06-29,FR,3066.42,paid,8
405,195,2024-06-16,DE,3949.29,paid,8
406,168,2024-07-01,IL,327.71,paid,4
407,120,2024-07-25,US,226.36,paid,4
408,27,2024-06-17,DE,1461.7,paid,5
409,53,2024-02-22,ES,358.16,pending,1
410,174,2024-11-13,IT,382.83,paid,1
411,135,2024-03-26,IL,769.43,cancelled,6
412,160,2024-04-14,FR,2005.13,paid,6
413,128,2024-07-12,FR,1304.8,paid,3
414,140,2024-09-14,US,717.39,paid,2
415,113,2024-06-10,UK,581.36,paid,2
416,153,2024-07-20,IT,1293.33,paid,4
417,36,2024-09-18,IL,1375.04,paid,4
418,162,2024-05-30,UK,246.13,cancelled,1
419,101,2024-10-07,IT,1060.32,paid,7
420,145,2024-09-09,FR,250.33,paid,1
421,70,2024-03-27,ES,481.44,paid,7
422,167,2024-07-23,IT,596.15,pending,2
423,160,2024-03-22,US,487.1,paid,1
424,107,2024-07-04,UK,2367.29,paid,5
425,77,2024-03-19,UK,1430.79,paid,3
426,55,2024-06-21,IT,400.6,paid,2
427,53,2024-07-06,IL,2310.68,paid,8
428,84,2024-05-16,DE,485.34,refunded,1
429,105,2024-10-24,US,1961.3,pending,4
430,4,2024-11-07,IT,1129.65,paid,3
431,117,2024-02-10,FR,1345.57,paid,3
432,62,2024-02-26,IT,1268.07,cancelled,5
433,197,2024-05-02,FR,1317.25,paid,5
434,47,2024-01-04,IL,1828.03,paid,5
435,178,2024-04-08,US,1321.71,paid,3
436,148,2024-10-03,IL,2412.6,paid,5
437,171,2024-01-18,IL,122.12,paid,1
438,77,2024-03-21,UK,465.42,paid,2
439,20,2024-03-15,IL,953.98,paid,5
440,66,2024-06-07,UK,3256.81,paid,8
441,77,2024-06-10,UK,42.23,paid,2
442,193,2024-12-06,ES,369.06,paid,1
443,107,2024-03-30,FR,3026.46,pending,8
444,152,2024-07-07,ES,270.98,paid,1
445,102,2024-03-22,US,249.81,paid,3
446,26,2024-11-11,US,2377.33,paid,6
447,14,2024-02-06,UK,697.94,paid,4
448,11,2024-10-04,IL,820.37,pending,2
449,122,2024-06-15,UK,1647.03,paid,4
450,52,2024-03-11,IL,2044.76,paid,6
451,52,2024-07-03,US,53.15,refunded,1
452,55,2024-01-11,DE,3071.43,paid,7
453,141,2024-05-28,IT,3834.98,paid,8
454,15,2024-10-10,ES,362.2,paid,2
455,152,2024-06-24,ES,2234.43,paid,6
456,66,2024-03-23,UK,1493.92,paid,3
457,12,2024-04-18,ES,49.11,paid,2
458,70,2024-03-13,IL,199.37,paid,1
459,128,2024-02-19,ES,1494.49,paid,5
460,112,2024-04-15,FR,1315.34,paid,7
461,124,2024-09-18,US,268.73,pending,8
462,184,2024-02-19,DE,294.87,paid,6
463,8,2024-11-24,IT,204.1,paid,2
464,19,2024-11-17,IL,67.1,paid,5
465,74,2024-03-24,IT,2284.45,paid,5
466,15,2024-08-11,US,2427.71,pending,5
467,122,2024-02-14,IL,3110.74,pending,7
468,37,2024-04-28,UK,556.26,paid,8
469,51,2024-12-22,ES,2090.39,paid,6
470,54,2024-10-29,ES,404.69,paid,1
471,185,2024-08-27,DE,405.21,paid,1
472,28,2024-10-28,FR,1003.1,paid,4
473,28,2024-11-14,FR,917.55,paid,2
474,144,2024-06-08,DE,1061.9,paid,8
475,69,2024-04-02,US,377.52,pending,2
476,100,2024-01-13,FR,1917.88,paid,5
477,24,2024-08-20,UK,2899.63,paid,7
478,74,2024-08-25,IL,3453.36,paid,8
479,12,2024-07-07,UK,678.88,cancelled,4
480,199,2024-10-14,ES,861.2,pending,3
481,51,2024-08-05,FR,1613.26,paid,7
482,137,2024-10-18,IT,2572.71,pending,7
483,184,2024-05-15,IT,363.25,paid,1
484,21,2024-09-21,ES,2647.85,paid,7
485,23,2024-02-27,US,459.97,paid,1
486,5,2024-10-22,US,428.48,paid,6
487,114,2024-06-04,IT,553.75,paid,6
488,98,2024-03-06,FR,2188.29,paid,6
489,103,2024-04-29,DE,250.28,paid,8
490,175,2024-08-01,US,100.03,paid,6
491,179,2024-01-28,ES,2846.83,pending,6
492,166,2024-05-16,FR,20.54,paid,2
493,167,2024-08-27,US,342.23,paid,7
494,136,2024-04-27,ES,1937.21,pending,6
495,68,2024-11-19,IL,2615.92,paid,8
496,52,2024-11-25,FR,399.22,paid,3
497,16,2024-05-14,IT,1542.38,refunded,4
498,72,2024-09-12,UK,210.54,paid,2
499,195,2024-06-22,UK,518.83,paid,7
500,73,2024-09-12,FR,1395.91,paid,6
501,48,2024-12-01,ES,3227.33,refunded,7
502,70,2024-04-26,IT,2917.4,paid,7
503,17,2024-12-02,IL,3805.89,paid,8
504,30,2024-06-30,IL,1041.54,cancelled,6
505,193,2024-12-30,IL,820.66,paid,4
506,188,2024-05-01,IT,710.2,paid,5
507,105,2024-11-07,US,738.74,paid,8
508,9,2024-04-14,DE,318.12,paid,3
509,25,2024-03-25,DE,2967.52,paid,7
510,40,2024-08-14,IL,829.81,paid,7
511,8,2024-02-25,FR,2653.16,refunded,8
512,17,2024-07-24,IT,432.22,paid,4
513,14,2024-06-10,UK,750.59,paid,2
514,183,2024-06-24,FR,2276.91,paid,7
515,13,2024-11-12,UK,1386.29,pending,4
516,28,2024-02-18,FR,517.19,paid,2
517,171,2024-07-23,US,2951.76,paid,8
518,200,2024-08-21,FR,1170.9,paid,3
519,192,2024-01-05,US,487.28,refunded,5
520,32,2024-06-25,UK,1225.68,paid,6
521,191,2024-09-03,UK,3904.22,paid,8
522,176,2024-02-10,IT,195.14,paid,4
523,30,2024-07-07,UK,365.79,paid,1
524,13,2024-07-17,IL,764.23,paid,8
525,10,2024-06-29,FR,1916.04,pending,5
526,90,2024-06-15,IT,1498.22,paid,8
527,179,2024-06-02,US,291.93,paid,2
528,162,2024-01-01,US,396.92,paid,2
529,145,2024-07-10,IL,781.72,paid,5
530,163,2024-07-23,ES,164.77,paid,7
531,184,2024-06-08,IL,362.21,paid,4
532,123,2024-10-09,IL,1145.56,paid,4
533,48,2024-12-24,FR,530.23,pending,4
534,161,2024-01-11,DE,1376.27,paid,4
535,52,2024-01-03,IL,914.72,refunded,2
536,72,2024-10-16,IL,980.75,pending,5
537,29,2024-07-19,FR,292.83,paid,2
538,141,2024-07-29,IT,2558.53,paid,8
539,45,2024-03-23,US,1257.0,paid,4
540,38,2024-03-19,ES,158.57,paid,1
541,145,2024-12-20,ES,3646.71,cancelled,8
542,45,2024-04-01,IT,216.69,paid,7
543,20,2024-04-19,IL,3009.42,paid,7
544,65,2024-02-20,DE,2550.36,paid,7
545,14,2024-08-18,ES,2712.28,paid,7
546,173,2024-01-25,UK,1415.95,paid,8
547,16,2024-09-12,UK,882.96,paid,3
548,51,2024-04-21,US,715.53,paid,5
549,108,2024-12-27,ES,405.13,pending,7
550,198,2024-10-14,DE,60.69,paid,3
551,193,2024-05-21,ES,2108.49,paid,6
552,125,2024-10-27,US,2760.22,pending,7
553,189,2024-02-04,FR,1420.12,pending,5
554,70,2024-11-29,DE,485.66,pending,2
555,63,2024-01-28,IT,213.32,pending,1
556,145,2024-02-10,IL,510.99,pending,3
557,96,2024-07-05,US,2025.77,pending,8
558,194,2024-07-26,US,664.08,paid,4
559,87,2024-08-15,UK,2237.77,paid,5
560,171,2024-11-11,IL,360.3,paid,1
561,37,2024-07-05,IL,2180.76,refunded,5
562,151,2024-09-08,ES,243.79,refunded,2
563,77,2024-08-12,US,2470.33,cancelled,5
564,67,2024-06-24,IT,455.41,refunded,1
565,43,2024-04-10,UK,1257.69,refunded,5
566,8,2024-03-07,US,697.72,paid,2
567,197,2024-08-05,DE,71.55,refunded,5
568,131,2024-01-12,IL,686.88,paid,5
569,39,2024-11-21,ES,471.32,paid,2
570,130,2024-01-10,DE,823.84,paid,3
571,144,2024-05-02,US,1553.94,paid,4
572,42,2024-02-16,ES,2056.77,pending,8
573,158,2024-11-15,UK,656.5,cancelled,4
574,192,2024-09-05,UK,2819.49,paid,7
575,146,2024-12-28,US,859.68,paid,4
576,93,2024-09-17,IT,1902.8,pending,6
577,99,2024-01-06,US,990.83,paid,4
578,96,2024-04-14,ES,2415.05,refunded,5
579,143,2024-12-11,IT,525.79,paid,4
580,185,2024-03-06,FR,1925.39,paid,8
581,17,2024-07-08,IT,854.18,pending,7
582,6,2024-12-22,IT,554.01,paid,4
583,65,2024-05-19,IT,1297.23,paid,3
584,18,2024-12-27,UK,409.71,paid,3
585,192,2024-11-23,DE,321.65,pending,5
586,36,2024-07-21,FR,1895.19,paid,5
587,157,2024-03-08,US,921.04,pending,3
588,7,2024-08-09,UK,2836.09,pending,6
589,38,2024-11-14,FR,587.96,paid,2
590,66,2024-06-23,FR,293.27,paid,4
591,11,2024-03-13,FR,1763.13,paid,8
592,18,2024-11-28,US,1083.53,paid,3
593,49,2024-04-02,DE,839.82,paid,2
594,17,2024-07-29,ES,908.11,paid,5
595,43,2024-06-04,DE,1967.34,paid,5
596,62,2024-01-19,IT,136.93,paid,4
597,155,2024-04-30,FR,1764.02,paid,6
598,57,2024-08-20,UK,284.57,paid,1
599,82,2024-04-29,US,995.31,paid,3
600,65,2024-09-06,FR,2685.12,paid,6
601,89,2024-06-12,UK,491.25,cancelled,3
602,12,2024-10-23,US,3930.77,cancelled,8
603,63,2024-09-05,US,486.31,paid,6
604,178,2024-07-09,IL,1113.54,paid,8
605,101,2024-01-14,US,491.94,paid,5
606,196,2024-07-02,DE,238.9,paid,1
607,99,2024-10-21,FR,2390.41,paid,5
608,61,2024-11-01,IL,556.07,pending,2
609,106,2024-10-27,UK,429.87,paid,3
610,124,2024-02-22,US,1508.0,paid,5
611,69,2024-03-26,ES,657.29,pending,4
612,190,2024-01-30,US,1364.85,refunded,7
613,163,2024-09-30,IL,618.41,paid,2
614,38,2024-04-09,US,1473.82,refunded,6
615,118,2024-07-16,ES,326.41,refunded,2
616,24,2024-10-26,DE,1181.47,pending,6
617,67,2024-10-03,US,1847.22,paid,5
618,25,2024-04-09,US,2810.83,cancelled,6
619,71,2024-01-31,UK,158.9,cancelled,2
620,102,2024-01-31,IT,793.45,paid,4
621,197,2024-12-04,IT,212.88,paid,4
622,140,2024-07-21,UK,1782.62,paid,8
623,16,2024-07-03,IT,2591.32,paid,8
624,10,2024-10-20,IL,531.28,paid,2
625,122,2024-08-08,US,778.81,paid,8
626,45,2024-02-14,ES,2661.88,pending,7
627,137,2024-05-30,UK,625.98,paid,6
628,88,2024-02-13,ES,423.65,pending,6
629,180,2024-01-15,IL,421.95,paid,5
630,106,2024-01-27,FR,722.81,pending,4
631,17,2024-08-11,IL,658.24,paid,2
632,194,2024-05-05,DE,926.8,refunded,5
633,37,2024-04-20,UK,1406.24,paid,4
634,153,2024-02-16,UK,162.21,paid,7
635,166,2024-10-31,US,1815.61,paid,7
636,95,2024-07-17,IT,710.8,refunded,3
637,95,2024-01-02,ES,1071.79,paid,8
638,43,2024-08-22,US,320.52,pending,1
639,128,2024-04-05,IL,138.71,paid,1
640,18,2024-06-26,DE,332.92,paid,3
641,150,2024-12-25,DE,266.41,refunded,1
642,17,2024-04-08,US,1833.21,paid,6
643,13,2024-08-16,ES,790.39,paid,4
644,185,2024-06-04,US,805.61,paid,5
645,152,2024-12-06,FR,77.14,paid,3
646,28,2024-02-24,IL,109.08,paid,3
647,60,2024-01-08,FR,2072.45,pending,7
648,21,2024-02-17,UK,1064.41,paid,5
649,192,2024-12-24,UK,1069.85,paid,6
650,130,2024-11-06,IL,718.92,pending,2
651,24,2024-09-29,FR,376.68,paid,1
652,74,2024-04-23,US,139.24,paid,1
653,35,2024-02-11,FR,1558.82,pending,8
654,91,2024-06-16,UK,2199.4,paid,7
655,115,2024-11-10,DE,522.42,paid,6
656,1,2024-03-06,US,1965.65,paid,7
657,36,2024-04-02,IT,1861.72,paid,4
658,94,2024-09-19,US,371.73,paid,1
659,152,2024-11-12,US,1052.92,cancelled,5
660,161,2024-04-16,ES,715.52,paid,2
661,70,2024-10-24,IL,772.76,paid,8
662,132,2024-05-24,IL,860.91,paid,7
663,137,2024-06-09,ES,276.98,paid,4
664,162,2024-03-21,DE,507.14,paid,4
665,76,2024-11-18,UK,434.76,cancelled,8
666,143,2024-01-19,IT,521.03,paid,3
667,197,2024-01-13,US,1510.2,paid,4
668,101,2024-06-12,US,1001.11,paid,7
669,51,2024-02-06,DE,2698.27,pending,8
670,12,2024-11-09,IL,779.03,pending,2
671,46,2024-10-10,US,477.93,paid,1
672,50,2024-02-19,IL,192.63,pending,3
673,137,2024-03-26,FR,1112.71,paid,8
674,121,2024-06-11,UK,1950.23,paid,7
675,98,2024-06-29,US,138.25,paid,5
676,197,2024-07-22,ES,808.26,pending,3
677,112,2024-06-08,ES,2395.43,paid,8
678,187,2024-11-01,FR,1499.14,paid,3
679,162,2024-08-12,DE,1133.56,paid,7
680,12,2024-08-25,US,1359.79,paid,6
681,124,2024-02-11,IT,1633.21,pending,6
682,148,2024-12-28,IL,415.5,paid,1
683,56,2024-12-26,ES,1722.72,paid,4
684,71,2024-07-19,US,2272.45,paid,6
685,187,2024-01-19,DE,960.16,paid,5
686,57,2024-07-26,UK,679.98,paid,2
687,118,2024-01-07,IL,950.69,pending,2
688,94,2024-01-03,IT,448.83,pending,5
689,190,2024-05-04,US,40.19,paid,4
690,131,2024-02-07,FR,1746.82,paid,4
691,34,2024-07-22,IT,959.92,paid,2
692,13,2024-09-11,IL,1982.9,cancelled,5
693,176,2024-10-15,DE,2021.95,paid,8
694,100,2024-10-25,DE,851.18,cancelled,2
695,1,2024-03-21,IT,2484.05,paid,7
696,64,2024-07-19,UK,215.82,paid,8
697,51,2024-01-29,UK,83.74,paid,1
698,7,2024-07-19,UK,1139.83,paid,6
699,99,2024-08-25,DE,81.32,cancelled,1
700,8,2024-11-29,FR,677.8,paid,2
701,99,2024-07-07,UK,292.83,paid,1
702,53,2024-09-01,IL,583.69,paid,5
703,61,2024-01-21,ES,969.01,paid,4
704,114,2024-11-28,UK,462.05,pending,4
705,30,2024-01-02,UK,2692.6,paid,7
706,95,2024-03-16,US,1190.92,paid,6
707,103,2024-05-02,ES,549.79,paid,5
708,48,2024-07-11,IT,2791.53,paid,6
709,122,2024-06-13,DE,321.93,paid,2
710,113,2024-01-15,UK,168.21,cancelled,1
711,154,2024-06-30,US,1196.15,paid,4
712,91,2024-06-15,IT,168.56,paid,7
713,81,2024-08-05,UK,475.78,paid,8
714,139,2024-03-11,IL,441.72,paid,4
715,10,2024-11-18,FR,242.7,paid,8
716,22,2024-06-04,IT,483.56,paid,1
717,180,2024-12-23,UK,1634.94,cancelled,4
718,49,2024-05-28,US,400.13,paid,7
719,12,2024-08-20,DE,1498.83,paid,3
720,166,2024-09-16,IT,181.91,cancelled,1
721,137,2024-11-19,ES,2834.75,paid,7
722,125,2024-09-20,US,2931.49,paid,8
723,191,2024-12-19,DE,886.4,paid,7
724,56,2024-04-02,FR,3424.28,paid,7
725,141,2024-03-13,UK,430.11,paid,4
726,27,2024-07-04,FR,2102.17,paid,6
727,168,2024-02-23,UK,602.5,paid,4
728,115,2024-03-17,IL,1127.75,paid,3
729,133,2024-12-14,US,2062.43,cancelled,8
730,58,2024-08-09,US,1339.79,paid,4
731,12,2024-03-05,US,2005.96,cancelled,8
732,120,2024-10-13,US,620.76,paid,3
733,110,2024-04-19,DE,919.18,paid,3
734,118,2024-10-15,UK,348.89,pending,1
735,141,2024-04-15,IL,1865.95,paid,6
736,96,2024-04-19,DE,886.04,paid,4
737,9,2024-04-09,UK,991.92,paid,7
738,27,2024-05-03,FR,179.93,paid,1
739,167,2024-07-11,IL,1789.17,paid,4
740,103,2024-01-27,IT,307.99,paid,1
741,83,2024-08-25,IL,365.31,refunded,2
742,166,2024-03-18,ES,240.05,paid,1
743,129,2024-08-10,ES,193.02,paid,4
744,87,2024-03-05,IL,1075.71,cancelled,5
745,118,2024-09-20,US,793.52,paid,4
746,199,2024-03-08,IT,2304.45,cancelled,5
747,145,2024-07-25,IL,900.86,paid,2
748,62,2024-06-18,US,470.08,paid,4
749,109,2024-03-18,UK,3497.87,paid,8
750,179,2024-09-01,UK,104.51,paid,2
751,90,2024-12-19,IL,574.13,paid,3
752,100,2024-08-12,IL,230.97,paid,3
753,138,2024-11-15,DE,304.94,paid,1
754,80,2024-01-05,FR,934.92,paid,3
755,180,2024-12-17,UK,865.17,paid,2
756,160,2024-03-07,ES,542.78,paid,2
757,44,2024-09-10,UK,1353.87,paid,4
758,3,2024-06-12,UK,1285.73,pending,6
759,123,2024-06-30,ES,345.67,paid,2
760,197,2024-03-27,IT,1284.29,paid,3
761,153,2024-02-17,IL,2230.2,paid,7
762,39,2024-08-05,FR,2234.4,paid,7
763,105,2024-10-22,UK,295.82,pending,1
764,191,2024-05-06,IL,651.63,paid,2
765,106,2024-01-09,IL,3235.11,paid,8
766,66,2024-03-29,US,2482.06,cancelled,8
767,172,2024-03-25,US,522.81,cancelled,3
768,61,2024-04-04,IT,868.96,cancelled,3
769,6,2024-03-25,UK,231.83,paid,4
770,4,2024-04-10,IT,143.72,paid,1
771,93,2024-10-18,IL,31.29,cancelled,1
772,16,2024-06-11,UK,277.1,cancelled,2
773,110,2024-02-06,FR,1755.87,paid,8
774,79,2024-02-01,DE,295.34,paid,1
775,190,2024-11-14,UK,1150.03,pending,8
776,101,2024-09-12,DE,482.0,paid,3
777,189,2024-09-17,FR,983.89,paid,4
778,68,2024-09-27,US,369.47,refunded,1
779,104,2024-04-22,IL,281.0,pending,1
780,96,2024-06-02,UK,712.11,paid,3
781,104,2024-01-15,IL,1130.83,paid,8
782,88,2024-11-06,DE,1127.72,paid,3
783,134,2024-07-28,ES,1081.56,paid,3
784,49,2024-09-02,IL,2377.45,paid,7
785,166,2024-05-29,IT,262.02,paid,8
786,56,2024-03-09,IT,1451.32,paid,3
787,33,2024-10-17,IT,2672.32,paid,6
788,82,2024-09-22,FR,1056.73,cancelled,5
789,24,2024-08-20,UK,1688.57,paid,5
790,60,2024-03-04,US,795.93,paid,5
791,53,2024-04-29,US,1894.23,paid,4
792,141,2024-02-15,ES,577.1,paid,3
793,8,2024-02-24,UK,376.11,paid,1
794,183,2024-04-17,UK,324.6,cancelled,7
795,94,2024-02-15,FR,1307.58,paid,6
796,183,2024-08-19,ES,1742.84,paid,4
797,171,2024-02-07,IL,2592.64,paid,6
798,119,2024-03-03,DE,224.45,paid,7
799,76,2024-07-22,UK,69.51,paid,1
800,93,2024-09-26,IL,578.47,paid,3
801,18,2024-08-04,ES,3536.55,paid,8
802,181,2024-05-13,DE,412.22,paid,1
803,164,2024-11-23,ES,1727.91,pending,7
804,181,2024-12-03,UK,363.13,paid,1
805,100,2024-11-28,IL,674.13,pending,2
806,55,2024-12-26,FR,294.73,refunded,2
807,60,2024-08-21,FR,1257.84,paid,4
808,82,2024-06-25,FR,1296.73,pending,8
809,64,2024-02-18,US,830.78,paid,2
810,134,2024-10-27,DE,218.15,paid,2
811,93,2024-02-16,ES,847.44,pending,3
812,86,2024-09-25,IL,65.39,cancelled,1
813,37,2024-08-25,DE,1935.51,paid,4
814,198,2024-02-18,ES,661.21,paid,2
815,121,2024-08-10,FR,173.83,paid,8
816,22,2024-07-27,UK,226.43,paid,3
817,27,2024-06-03,IL,2294.19,paid,7
818,97,2024-02-12,UK,1774.51,paid,7
819,21,2024-06-30,DE,1338.31,paid,6
820,101,2024-02-21,UK,282.86,cancelled,1
821,172,2024-03-28,DE,403.73,paid,7
822,6,2024-11-18,IL,659.22,pending,2
823,43,2024-01-12,DE,1156.34,paid,8
824,121,2024-07-21,ES,1829.64,cancelled,4
825,67,2024-06-04,FR,823.53,paid,8
826,187,2024-04-09,US,2101.5,paid,7
827,104,2024-10-10,UK,490.7,cancelled,7
828,199,2024-02-02,FR,1089.42,paid,7
829,130,2024-05-26,IT,991.31,cancelled,3
830,31,2024-03-13,US,1353.92,paid,5
831,79,2024-02-02,US,508.11,paid,8
832,42,2024-01-17,DE,960.02,refunded,3
833,135,2024-10-19,ES,1331.72,paid,7
834,44,2024-05-06,IT,736.61,paid,6
835,90,2024-09-23,DE,688.04,paid,5
836,90,2024-09-21,ES,1152.85,paid,6
837,79,2024-10-27,IT,2889.3,refunded,7
838,81,2024-03-19,DE,166.93,pending,4
839,197,2024-07-15,DE,473.96,paid,5
840,193,2024-03-27,FR,154.45,paid,4
841,188,2024-02-10,DE,1467.69,pending,4
842,145,2024-12-18,US,999.2,pending,5
843,21,2024-08-07,UK,2752.35,paid,6
844,40,2024-03-02,UK,727.13,paid,6
845,96,2024-04-17,DE,2977.47,refunded,7
846,95,2024-10-18,ES,346.1,pending,1
847,107,2024-07-16,FR,468.26,pending,1
848,170,2024-04-13,US,288.71,paid,1
849,132,2024-01-24,FR,1608.69,paid,5
850,76,2024-05-23,DE,3979.03,paid,8
851,156,2024-12-24,UK,3194.46,paid,8
852,196,2024-03-24,US,579.84,paid,4
853,176,2024-05-16,IT,148.27,pending,1
854,36,2024-11-17,US,270.58,paid,4
855,184,2024-07-09,IL,1813.19,paid,5
856,60,2024-02-06,ES,2239.3,paid,7
857,128,2024-07-10,ES,1027.36,cancelled,5
858,122,2024-06-18,ES,693.55,paid,4
859,91,2024-01-21,IT,823.21,paid,4
860,32,2024-03-09,IL,949.19,paid,2
861,34,2024-01-20,DE,1343.41,paid,8
862,197,2024-10-03,IL,1152.51,paid,5
863,200,2024-04-13,FR,3306.7,cancelled,8
864,76,2024-10-01,UK,625.98,pending,7
865,63,2024-07-11,UK,1862.97,paid,7
866,106,2024-09-27,IT,233.97,pending,5
867,85,2024-10-23,UK,1478.0,paid,3
868,163,2024-11-29,FR,1273.82,paid,3
869,47,2024-09-09,IT,2027.98,paid,5
870,97,2024-03-02,DE,335.48,paid,4
871,45,2024-06-03,UK,693.43,pending,2
872,105,2024-06-12,IT,821.33,pending,4
873,198,2024-06-08,US,128.04,paid,4
874,117,2024-02-02,DE,550.98,paid,4
875,111,2024-11-20,ES,154.95,pending,2
876,25,2024-01-07,IT,2963.7,paid,6
877,48,2024-10-03,US,242.19,paid,2
878,160,2024-11-27,IL,405.87,paid,2
879,33,2024-05-11,DE,1370.27,pending,4
880,65,2024-03-04,UK,807.3,pending,3
881,95,2024-06-02,IL,313.72,paid,1
882,160,2024-01-24,IT,931.95,cancelled,3
883,104,2024-06-07,FR,3416.23,paid,7
884,77,2024-08-11,ES,1016.81,paid,6
885,187,2024-03-11,FR,1638.86,paid,8
886,198,2024-11-21,IT,746.24,paid,7
887,115,2024-07-02,IT,1978.61,pending,7
888,28,2024-04-06,IL,771.55,cancelled,5
889,138,2024-11-01,US,859.78,paid,5
890,200,2024-04-03,ES,129.8,paid,2
891,107,2024-05-31,IL,1599.9,paid,5
892,57,2024-09-20,IL,2360.23,paid,8
893,113,2024-08-24,UK,753.46,pending,3
894,28,2024-05-03,DE,353.06,refunded,1
895,84,2024-12-18,IT,1452.92,paid,5
896,101,2024-07-13,ES,324.18,paid,5
897,151,2024-10-18,ES,1436.48,paid,6
898,55,2024-01-05,IL,781.14,pending,4
899,156,2024-08-13,IT,1899.13,cancelled,8
900,47,2024-03-30,UK,216.9,paid,1
901,69,2024-02-29,FR,420.65,paid,6
902,71,2024-07-07,FR,1179.32,cancelled,7
903,50,2024-04-11,IL,678.89,refunded,3
904,112,2024-12-16,IL,687.89,paid,2
905,90,2024-12-26,DE,952.45,paid,2
906,182,2024-03-15,IL,646.77,paid,8
907,40,2024-04-12,FR,1286.72,paid,4
908,194,2024-01-03,FR,1488.07,cancelled,5
909,128,2024-06-19,IL,1543.57,pending,7
910,9,2024-03-01,UK,1713.36,paid,6
911,174,2024-04-14,IT,2026.21,paid,7
912,139,2024-08-20,IL,1491.17,cancelled,5
913,6,2024-08-11,UK,339.28,cancelled,1
914,60,2024-03-01,ES,214.4,paid,2
915,175,2024-06-17,UK,2730.03,paid,6
916,39,2024-05-21,US,157.61,cancelled,4
917,54,2024-11-16,IT,350.02,paid,2
918,106,2024-11-17,IT,14.08,paid,1
919,22,2024-02-15,UK,1980.95,paid,7
920,22,2024-07-22,FR,334.63,pending,2
921,4,2024-06-07,US,1580.0,paid,7
922,184,2024-06-30,FR,545.76,paid,3
923,175,2024-11-25,ES,492.74,pending,4
924,106,2024-08-06,IT,2141.81,paid,5
925,67,2024-12-01,DE,877.01,cancelled,3
926,165,2024-07-30,IL,126.52,paid,4
927,125,2024-01-25,IL,640.53,paid,2
928,82,2024-05-31,ES,422.33,paid,1
929,189,2024-09-09,ES,42.84,cancelled,1
930,167,2024-06-25,US,172.54,cancelled,2
931,196,2024-04-06,UK,955.59,paid,2
932,155,2024-07-05,UK,457.96,paid,2
933,166,2024-07-29,IL,2850.33,cancelled,6
934,74,2024-10-04,FR,157.79,paid,1
935,143,2024-01-30,ES,2135.24,paid,5
936,39,2024-02-25,DE,115.6,pending,2
937,61,2024-08-26,IL,1315.29,pending,3
938,84,2024-01-29,DE,1164.79,paid,7
939,32,2024-05-18,IT,223.43,paid,1
940,6,2024-04-29,US,2389.37,cancelled,6
941,144,2024-03-31,IL,228.92,cancelled,1
942,95,2024-11-17,DE,1964.26,paid,8
943,65,2024-04-22,ES,336.42,paid,1
944,152,2024-02-20,UK,3469.69,paid,7
945,8,2024-08-11,FR,1284.67,pending,5
946,129,2024-02-13,FR,1656.64,paid,7
947,197,2024-03-04,DE,2480.64,paid,5
948,147,2024-05-27,FR,490.47,pending,6
949,58,2024-11-25,ES,131.23,paid,1
950,78,2024-04-21,FR,2011.35,paid,6
951,97,2024-03-06,DE,2343.26,paid,7
952,182,2024-08-08,DE,414.44,paid,2
953,77,2024-07-19,IT,2377.51,pending,5
954,173,2024-03-30,UK,414.13,cancelled,2
955,154,2024-01-26,ES,598.38,paid,6
956,7,2024-02-01,DE,354.49,cancelled,2
957,180,2024-11-14,DE,1881.71,paid,5
958,53,2024-07-21,UK,1155.34,paid,4
959,162,2024-04-15,US,85.73,refunded,1
960,169,2024-08-27,IL,718.13,paid,2
961,102,2024-05-06,FR,1182.99,paid,3
962,167,2024-06-30,DE,81.05,paid,1
963,133,2024-03-09,ES,2244.32,pending,7
964,68,2024-12-20,IL,2397.93,paid,6
965,145,2024-02-05,DE,3383.32,paid,8
966,102,2024-11-13,US,2803.67,refunded,8
967,188,2024-09-22,FR,3067.97,paid,8
968,32,2024-07-06,IT,874.99,paid,7
969,192,2024-06-17,UK,85.74,cancelled,3
970,40,2024-12-27,FR,339.94,paid,3
971,70,2024-09-27,UK,1491.53,paid,3
972,115,2024-01-21,IL,514.28,paid,2
973,78,2024-09-15,IT,1116.77,paid,3
974,49,2024-06-21,DE,938.63,pending,6
975,124,2024-08-10,IL,2636.51,pending,8
976,136,2024-10-26,UK,379.06,paid,6
977,187,2024-01-25,US,1910.58,cancelled,4
978,102,2024-02-17,US,428.8,pending,7
979,6,2024-08-31,FR,459.14,paid,2
980,56,2024-07-06,IL,1111.97,paid,6
981,105,2024-08-03,FR,892.03,paid,5
982,88,2024-07-31,DE,1330.52,paid,4
983,107,2024-06-19,ES,3795.29,pending,8
984,159,2024-07-19,ES,1021.07,pending,5
985,25,2024-02-17,FR,2401.95,paid,8
986,84,2024-03-23,DE,335.9,paid,1
987,103,2024-03-18,US,1870.42,refunded,4
988,87,2024-08-26,ES,1841.54,paid,7
989,183,2024-09-09,IL,761.43,paid,3
990,187,2024-02-23,DE,531.76,pending,6
991,38,2024-08-03,DE,2327.37,paid,5
992,24,2024-07-03,UK,853.66,paid,2
993,91,2024-08-13,IT,439.56,paid,3
994,147,2024-09-03,FR,1354.47,paid,5
995,145,2024-07-08,IL,293.75,paid,1
996,71,2024-01-24,FR,560.63,paid,5
997,139,2024-10-11,US,3984.96,paid,8
998,34,2024-01-09,IL,679.37,paid,3
999,53,2024-08-06,FR,1382.08,paid,6
1000,182,2024-07-13,ES,932.3,paid,4
